{
    "GradientBoosting": 2.823295236262685,
    "XGBoost": 3.1290714740753174,
    "LSTM": 2.5999093055725098,
    "Hybrid": 2.7832558155059814
}